Internal ID,Code,Used,FirstName,LastName
157,YP-GFTCRT0K7V2,No,JACK,REYES
151,YP-GFTCRT303MJ,No,DENNIS,WHITE
158,YP-GFTCRT4GERV,No,LAWRENCE,ALLEN
150,YP-GFTCRT4LKCD,No,CARL,WARD
148,YP-GFTCRT9BVR6,No,JOSHUA,ALLEN
154,YP-GFTCRTBATQ9,No,FRED,GREEN
149,YP-GFTCRTCNE4Y,No,PATRICK,ROBERTS
153,YP-GFTCRTDPH0H,No,ADAM,BAKER
152,YP-GFTCRTTM7YC,No,WILLIAM,ROBERTS
156,YP-GFTCRTYM7L2,No,BRUCE,CAMPBELL
155,YP-GFTCRTYTBPV,No,PETER,MOORE
156,YP-GFTCRT0K7V2,No,ARTHUR,WILSON
157,YP-GFTCRT303MJ,No,JOSHUA,JOHNSON
158,YP-GFTCRT4GERV,No,RONALD,MARTINEZ
159,YP-GFTCRT4LKCD,No,HOWARD,GRAY
160,YP-GFTCRT9BVR6,No,BRIAN,WALKER
161,YP-GFTCRTBATQ9,No,RYAN,WHITE
162,YP-GFTCRTCNE4Y,No,AARON,DIAZ
163,YP-GFTCRTDPH0H,No,WAYNE,GREEN
164,YP-GFTCRTTM7YC,No,WALTER,ROBINSON
165,YP-GFTCRTYM7L2,No,CARL,MYERS
166,YP-GFTCRTYTBPV,No,ANDREW,EDWARDS
167,YP-GFTCRT0K7V2,No,RAYMOND,LONG
168,YP-GFTCRT303MJ,No,EDWARD,CLARK
169,YP-GFTCRT4GERV,No,MICHAEL,SANCHEZ
170,YP-GFTCRT4LKCD,No,JOSEPH,TAYLOR
171,YP-GFTCRT9BVR6,No,ADAM,WATSON
172,YP-GFTCRTBATQ9,No,DENNIS,YOUNG
173,YP-GFTCRTCNE4Y,No,STEPHEN,THOMPSON
174,YP-GFTCRTDPH0H,No,BRIAN,STEWART
175,YP-GFTCRTTM7YC,No,LOUIS,JACKSON
176,YP-GFTCRTYM7L2,No,GREGORY,COOK
177,YP-GFTCRTYTBPV,No,DENNIS,ROGERS
178,YP-GFTCRT0K7V2,No,LAWRENCE,SCOTT
179,YP-GFTCRT303MJ,No,TERRY,ROBERTS
180,YP-GFTCRT4GERV,No,ANTHONY,HERNANDEZ
181,YP-GFTCRT4LKCD,No,STEPHEN,TAYLOR
182,YP-GFTCRT9BVR6,No,JOSE,YOUNG
183,YP-GFTCRTBATQ9,No,JOSE,REED
184,YP-GFTCRTCNE4Y,No,HENRY,EVANS
185,YP-GFTCRTDPH0H,No,WILLIAM,ROBERTS
186,YP-GFTCRTTM7YC,No,MICHAEL,ANDERSON
187,YP-GFTCRTYM7L2,No,SCOTT,WALKER
188,YP-GFTCRTYTBPV,No,RANDY,RODRIGUEZ
189,YP-GFTCRT0K7V2,No,ANTHONY,MILLER
190,YP-GFTCRT303MJ,No,GARY,MILLER
191,YP-GFTCRT4GERV,No,ROY,HILL
192,YP-GFTCRT4LKCD,No,RUSSELL,BAKER
193,YP-GFTCRT9BVR6,No,WAYNE,NGUYEN
194,YP-GFTCRTBATQ9,No,MARTIN,WOOD
195,YP-GFTCRTCNE4Y,No,FRANK,ALLEN
196,YP-GFTCRTDPH0H,No,JEFFREY,DAVIS
197,YP-GFTCRTTM7YC,No,DONALD,HARRIS
198,YP-GFTCRTYM7L2,No,LARRY,PHILLIPS
199,YP-GFTCRTYTBPV,No,STEVE,MITCHELL
200,YP-GFTCRT0K7V2,No,JUSTIN,MILLER
201,YP-GFTCRT303MJ,No,LOUIS,THOMAS
202,YP-GFTCRT4GERV,No,WILLIAM,RODRIGUEZ
203,YP-GFTCRT4LKCD,No,RYAN,ADAMS
204,YP-GFTCRT9BVR6,No,THOMAS,REED
205,YP-GFTCRTBATQ9,No,SCOTT,WILLIAMS
206,YP-GFTCRTCNE4Y,No,AARON,RODRIGUEZ
207,YP-GFTCRTDPH0H,No,JUAN,MARTINEZ
208,YP-GFTCRTTM7YC,No,MATTHEW,TORRES
209,YP-GFTCRTYM7L2,No,RAYMOND,WALKER
210,YP-GFTCRTYTBPV,No,SAMUEL,MORGAN
211,YP-GFTCRT0K7V2,No,JASON,ROBINSON
212,YP-GFTCRT303MJ,No,FRANK,EDWARDS
213,YP-GFTCRT4GERV,No,TERRY,WALKER
214,YP-GFTCRT4LKCD,No,SCOTT,GREEN
215,YP-GFTCRT9BVR6,No,ERNEST,MARTIN
216,YP-GFTCRTBATQ9,No,RYAN,FLORES
217,YP-GFTCRTCNE4Y,No,ALBERT,TAYLOR
218,YP-GFTCRTDPH0H,No,FRANK,PETERSON
219,YP-GFTCRTTM7YC,No,BILLY,MARTINEZ
220,YP-GFTCRTYM7L2,No,PAUL,LOPEZ
221,YP-GFTCRTYTBPV,No,EUGENE,HILL
222,YP-GFTCRT0K7V2,No,ROY,MORRIS
223,YP-GFTCRT303MJ,No,WILLIAM,ROBINSON
224,YP-GFTCRT4GERV,No,JEREMY,HUGHES
225,YP-GFTCRT4LKCD,No,LOUIS,BROOKS
226,YP-GFTCRT9BVR6,No,LOUIS,PRICE
227,YP-GFTCRTBATQ9,No,BOBBY,TURNER
228,YP-GFTCRTCNE4Y,No,NICHOLAS,HILL
229,YP-GFTCRTDPH0H,No,ROY,MARTIN
230,YP-GFTCRTTM7YC,No,BRANDON,SCOTT
231,YP-GFTCRTYM7L2,No,GARY,REYES
232,YP-GFTCRTYTBPV,No,ALBERT,EVANS
233,YP-GFTCRT0K7V2,No,ROY,HERNANDEZ
234,YP-GFTCRT303MJ,No,LOUIS,BELL
235,YP-GFTCRT4GERV,No,STEVE,MILLER
236,YP-GFTCRT4LKCD,No,HAROLD,WHITE
237,YP-GFTCRT9BVR6,No,GARY,MYERS
238,YP-GFTCRTBATQ9,No,MICHAEL,STEWART
239,YP-GFTCRTCNE4Y,No,ERNEST,KELLY
240,YP-GFTCRTDPH0H,No,VICTOR,HARRIS
241,YP-GFTCRTTM7YC,No,DENNIS,HERNANDEZ
242,YP-GFTCRTYM7L2,No,SCOTT,BAKER
243,YP-GFTCRTYTBPV,No,JUAN,MARTINEZ
244,YP-GFTCRTYTBPV,No,JUSTIN,PEREZ
245,YP-GFTCRT0K7V2,No,BRANDON,COX
246,YP-GFTCRT303MJ,No,JOE,ANDERSON
247,YP-GFTCRT4GERV,No,JOSEPH,TORRES
248,YP-GFTCRT4LKCD,No,KEVIN,TORRES
249,YP-GFTCRT9BVR6,No,DAVID,ROGERS
250,YP-GFTCRTBATQ9,No,JOE,COLLINS
251,YP-GFTCRTCNE4Y,No,LARRY,WALKER
252,YP-GFTCRTDPH0H,No,RICHARD,SCOTT
253,YP-GFTCRTTM7YC,No,DENNIS,LONG
254,YP-GFTCRTYM7L2,No,LARRY,REYES
255,YP-GFTCRTYTBPV,No,STEVEN,CARTER
256,YP-GFTCRT0K7V2,No,KEITH,BROWN
257,YP-GFTCRT303MJ,No,JOSHUA,HOWARD
258,YP-GFTCRT4GERV,No,NICHOLAS,COOK
259,YP-GFTCRT4LKCD,No,FRED,BAKER
260,YP-GFTCRT9BVR6,No,THOMAS,LEWIS
261,YP-GFTCRTBATQ9,No,PETER,SANCHEZ
262,YP-GFTCRTCNE4Y,No,LARRY,MARTIN
263,YP-GFTCRTDPH0H,No,BRIAN,REYES
264,YP-GFTCRTTM7YC,No,BENJAMIN,PEREZ
265,YP-GFTCRTYM7L2,No,GEORGE,FLORES
266,YP-GFTCRTYTBPV,No,NICHOLAS,ANDERSON
267,YP-GFTCRT0K7V2,No,MARTIN,BAKER
268,YP-GFTCRT303MJ,No,FRANK,LEWIS
269,YP-GFTCRT4GERV,No,CARL,EDWARDS
270,YP-GFTCRT4LKCD,No,GARY,JOHNSON
271,YP-GFTCRT9BVR6,No,JASON,BROOKS
272,YP-GFTCRTBATQ9,No,DONALD,DIAZ
273,YP-GFTCRTCNE4Y,No,PHILLIP,COOK
274,YP-GFTCRTDPH0H,No,EDWARD,SMITH
275,YP-GFTCRTTM7YC,No,BENJAMIN,HUGHES
276,YP-GFTCRTYM7L2,No,CARL,MURPHY
277,YP-GFTCRTYTBPV,No,FRED,ANDERSON
278,YP-GFTCRT0K7V2,No,BENJAMIN,BROOKS
279,YP-GFTCRT303MJ,No,PAUL,STEWART
280,YP-GFTCRT4GERV,No,ARTHUR,MITCHELL
281,YP-GFTCRT4LKCD,No,BILLY,LEWIS
282,YP-GFTCRT9BVR6,No,WAYNE,JONES
283,YP-GFTCRTBATQ9,No,ANTHONY,GOMEZ
284,YP-GFTCRTDPH0H,No,PAUL,DIAZ
285,YP-GFTCRTTM7YC,No,JUAN,WARD
286,YP-GFTCRTYM7L2,No,TERRY,BROOKS
287,YP-GFTCRTYTBPV,No,RAYMOND,REED
288,YP-GFTCRT0K7V2,No,MICHAEL,TURNER
289,YP-GFTCRT303MJ,No,JOHN,ROBINSON
290,YP-GFTCRT4GERV,No,MATTHEW,MARTIN
291,YP-GFTCRT4LKCD,No,WILLIE,JONES
292,YP-GFTCRT9BVR6,No,EUGENE,CRUZ
293,YP-GFTCRTBATQ9,No,KEITH,MOORE
